,Games,Over/Under,3-way
0,"Sporting de Charleroi
AS Eupen",2.5 1.67 2.20,1.82 3.95 4.20
1,"Standard Luik
Kortrijk",2.5 1.75 2.08,2.15 3.60 3.35
2,"Beerschot
Seraing United",2.5 1.83 1.98,2.45 3.35 3.00
3,"Sint-Truiden
Club Brugge",2.5 1.77 2.06,5.75 4.30 1.57
4,"Zulte Waregem
KRC Genk",3.5 2.06 1.77,5.00 4.25 1.65
5,"France (honey) Esports
Portugal (l10n) Esports",/,/
6,"Germany (Muromets) Esports
Brazil (gambit) Esports",0.5 1.89 2.00,4.25 1.74 3.60
7,"GC Mascara
ASM Oran",2.5 2.07 1.68,2.38 3.10 2.55
8,"JSM Béjaïa
Hamra Annaba",2.5 1.91 1.81,1.33 4.10 6.50
9,"Témouchent
MC Saïda",2.5 2.05 1.68,1.50 3.45 5.40
10,"Annaba
CA Batna",2.5 2.48 1.48,1.45 3.40 6.50
11,"Bordj Bou Arreridj
IRB Lakhdaria",1.5 1.50 2.40,1.61 3.25 4.80
12,"MO Constantine
US Chaouia",1.5 1.52 2.38,2.35 2.80 2.80
13,"JSM Skikda
NRB Teleghma",2.5 2.32 1.55,2.14 2.90 3.10
14,"Progresso Do Sambizanga
Sporting De Cabinda",1.5 1.49 2.45,2.20 2.75 3.40
15,"Kabuscorp S.C.P.
Atlético Petróleos de Luanda",2.5 2.14 1.64,9.00 4.00 1.33
16,"Platense (ARG)
Atlético Tucumán",2.5 2.04 1.73,2.65 3.00 2.65
17,"Arsenal de Sarandi
Sarmiento",2.5 2.50 1.50,2.45 2.88 3.00
18,"Banfield
Velez Sarsfield",2.5 2.38 1.54,3.55 3.00 2.10
19,"Club Atletico Talleres
Atlético Huracán",2.5 2.25 1.61,1.93 3.20 3.90
20,"Boca Juniors
Gimnasia La Plata",2.5 2.28 1.63,1.68 3.35 5.10
21,"CA Atlanta
Estudiantes de Buenos Aires",1.5 1.50 2.48,3.00 2.60 2.60
22,"Gimnasia y Esgrima Mendoza
Estudiantes De Río Cuarto",2.5 2.55 1.49,1.95 2.80 4.20
23,"San Martin San Juan
Instituto AC Córdoba",2.5 2.38 1.55,2.05 3.00 3.50
24,"Villa Dálmine
Gimnasia de Jujuy",1.5 1.58 2.28,2.40 2.55 3.30
25,"Estudiantes De La Plata (D)
Villa San Carlos (D)",3.5 1.80 1.92,1.70 4.00 3.60
26,"Club El Porvenir (D)
Gimnasia Y Esgrima La Plata (D)",3.5 1.93 1.79,5.00 5.00 1.40
27,"CA San Miguel
Deportivo Armenio",2.5 2.43 1.50,2.38 3.05 2.85
28,"Deportivo Merlo
Villa San Carlos",1.5 1.47 2.50,2.15 2.95 3.40
29,"Cañuelas FC
Club Atlético Fénix (ARG)",2.5 2.23 1.58,1.78 3.40 4.00
30,"Flandria
Club Atletico Defensores Unidos",2.5 2.33 1.55,1.65 3.40 4.90
31,"Sacachispas Fútbol Club
Los Andes",1.5 1.57 2.28,2.35 2.80 3.20
32,"Acassuso
Colegiales",1.5 1.46 2.55,2.63 2.95 2.63
33,"Central Córdoba de Rosario
Real Pilar",2.5 2.35 1.53,2.35 3.00 3.00
34,"Club Atlético Excursionistas
Claypole",1.5 1.50 2.43,2.30 2.80 3.30
35,"Sportivo Italiano
Victoriano Arenas",2.5 2.48 1.48,1.92 3.10 3.90
36,"Berazategui FC
Deportivo Laferrere",2.5 2.48 1.48,2.50 2.90 2.80
37,"CSYD Madryn
Club Cipolletti",2.5 2.38 1.50,1.90 3.30 3.50
38,"CA Sansinena SYD
Ciudad de Bolívar",1.5 1.47 2.50,2.15 3.00 3.20
39,"Sol de Mayo
Club Circulo Deportivo",2.5 2.14 1.64,1.36 4.20 6.50
40,"FC Urartu
Ararat Yerevan",2.5 1.82 1.88,2.45 3.10 2.55
41,"FK Van
Alashkert",2.5 2.28 1.57,2.55 2.95 2.55
42,"SV Dakota
SV Deportivo Nacional",2.5 2.40 1.50,2.50 3.00 2.60
43,"Qarabağ
Neftçi PFC Bakı",2.5 1.70 2.04,1.63 3.40 4.40
44,"Gabala FK
Sabah FK",2.5 2.20 1.60,2.55 2.90 2.48
45,"Sporting de Charleroi
AS Eupen",2.5 1.67 2.20,1.82 3.95 4.20
46,"Standard Luik
Kortrijk",2.5 1.75 2.08,2.15 3.60 3.35
47,"Beerschot
Seraing United",2.5 1.83 1.98,2.45 3.35 3.00
48,"Sint-Truiden
Club Brugge",2.5 1.77 2.06,5.75 4.30 1.57
49,"Zulte Waregem
KRC Genk",3.5 2.06 1.77,5.00 4.25 1.65
50,"Waasland-Beveren
KSK Lierse Kempenzonen",3.5 2.23 1.62,1.82 3.70 4.10
51,"The Strongest
Blooming",3.5 1.68 2.06,1.08 7.50 16.00
52,"Jorge Wilstermann
Guabirá Montero",3.5 2.12 1.66,1.40 4.25 5.50
53,"EM Huanuni
Vaca Díez",2.5 2.00 1.73,1.55 3.60 5.25
54,"FK Sarajevo
Rudar Prijedor",2.5 2.00 1.72,1.40 3.80 6.00
55,"Athletico Paranaense-PR
Santos-SP",2.5 2.33 1.60,1.74 3.40 4.35
56,"Flamengo-RJ
Atlético Mineiro-MG",2.5 2.08 1.74,2.35 3.25 2.75
57,"Juventude-RS
Bahia-BA",1.5 1.50 2.60,2.50 2.80 2.90
58,"América FC-MG
Fortaleza-CE",2.5 2.30 1.62,2.02 3.15 3.45
59,"Ponte Preta-SP
Vitória-BA",1.5 1.50 2.43,2.04 2.88 3.65
60,"AD Confianca-SE
Londrina-PR",2.5 2.50 1.47,2.23 2.90 3.15
61,"Ypiranga-RS
Novorizontino-SP",2.5 2.25 1.58,2.40 2.90 2.85
62,"Boavista (D)
Perolas Negras (D)",3.5 2.17 1.62,4.00 4.75 1.53
63,"Liga Cabofriense Seven (D)
Barcelona EC (D)",3.5 1.78 1.95,1.22 6.50 7.00
64,"Moto Club-MA
CRB-AL",2.5 1.86 1.86,4.75 3.50 1.62
65,"Veranópolis-RS
Avenida-RS",/,/
66,"EC São José (D)
Bragantino-SP (D)",2.5 1.77 1.96,2.38 3.35 2.38
67,"Uniao Suzano AC
Matonense-SP",2.5 2.10 1.66,2.07 3.00 3.15
68,"América-PE
Ibis Sport Clube",2.5 2.28 1.57,2.60 3.20 2.40
69,"Campinense-PB
FC Atlético-CE",2.5 2.12 1.65,1.52 3.50 5.90
70,"Cherno More Varna
Levski Sofia",2.5 2.28 1.58,2.07 3.20 3.25
71,"Pirin Blagoevgrad
Tsarsko Selo 2015",2.5 1.97 1.76,1.93 3.45 3.40
72,"CSKA Sofia Reserves
Minyor Pernik",2.5 2.00 1.73,4.10 3.25 1.70
73,"Forge FC
HFX Wanderers",2.5 1.96 1.76,1.72 3.40 4.20
74,"Cavalry FC
Valour FC",2.5 2.02 1.70,1.72 3.50 4.00
75,"Pacific FC
York 9 FC",2.5 1.96 1.76,2.20 2.90 3.10
76,"Universidad de Chile
Curicó Unido",2.5 2.16 1.66,2.23 3.00 3.00
77,"Unión Española
Everton de Viña del Mar",2.5 2.12 1.68,2.55 3.00 2.55
78,"Deportes Copiapó
Magallanes",2.5 2.16 1.65,2.10 2.95 3.10
79,"San Luis Quillota
Coquimbo Unido",2.5 2.55 1.49,3.60 2.80 2.00
80,"Deportes Recoleta
Iberia",2.5 1.97 1.76,2.10 3.20 2.90
81,"Atlético Bucaramanga
Envigado FC",2.5 2.28 1.62,1.92 3.20 3.95
82,"Millonarios FC
La Equidad Seguros",2.5 2.25 1.63,1.61 3.45 5.75
83,"Valledupar FC
Boca Juniors de Cali",2.5 2.06 1.72,1.50 3.80 5.50
84,"Orsomarso
Real Cartagena",2.5 2.32 1.58,3.65 3.15 1.91
85,"Bogotá FC
Llaneros F.C.",2.5 2.35 1.56,2.15 3.05 3.15
86,"Fortaleza FC
Cortuluá",2.5 2.16 1.66,2.28 3.00 2.95
87,"Boyacá Chicó
Unión Magdalena",2.5 2.28 1.58,1.75 3.30 4.25
88,"Barranquilla FC
Tigres FC",1.5 1.53 2.43,2.10 2.90 3.45
89,"Marineros de Puntarenas
AD Carmelita",2.5 1.78 1.93,2.04 3.20 3.00
90,"Puerto Golfito FC
AD Aserri",2.5 2.02 1.72,2.20 3.00 2.88
91,"Barrio Mexico
CS Uruguay",2.5 1.72 2.00,1.75 3.45 3.60
92,"Guadalupe
ADR Jicaral",2.5 1.80 1.93,2.00 3.50 3.20
93,"Santos de Guápiles
Municipal Pérez Zeledón",2.5 1.86 1.86,1.85 3.40 3.70
94,"LD Alajuelense
Deportivo Saprissa",2.5 1.56 2.30,2.00 3.50 3.15
95,"Doxa Katokopias
Apoel Nicosia",2.5 2.23 1.54,5.00 3.60 1.58
96,"AEL Limassol
Aris Limassol",2.5 1.64 2.04,1.53 4.00 4.90
97,"Randers FC
FC Midtjylland",2.5 2.00 1.81,3.20 3.45 2.23
98,"FC Nordsjælland
AaB Aalborg",2.5 1.65 2.25,2.75 3.60 2.43
99,"Jammerbugt FC
Nykøbing FC",4.5 2.38 1.64,/ 1001.00 /
100,"FC Fredericia
Vendsyssel FF",2.5 1.68 2.17,1.77 3.70 4.20
101,"Fremad Amager
Hvidovre",2.5 1.74 2.08,3.35 3.45 2.04
102,"Arminia Bielefeld
Mainz 05",2.5 2.08 1.75,3.45 3.30 2.15
103,"SC Freiburg
Greuther Fürth",2.5 1.70 2.10,1.41 4.60 7.00
104,"1. FC Union Berlin
Bayern München",3.5 2.20 1.67,8.50 5.50 1.30
105,"Borussia Dortmund
1. FC Köln",3.5 2.38 1.55,1.45 4.90 6.00
106,"Bayer Leverkusen
VfL Wolfsburg",2.5 1.73 2.05,1.90 3.65 3.85
107,"Eintracht Frankfurt
RB Leipzig",2.5 1.56 2.43,4.30 4.20 1.74
108,"Hamburger SV
Holstein Kiel",2.5 1.58 2.38,1.70 3.95 4.50
109,"Hansa Rostock
Fortuna Düsseldorf",2.5 1.74 2.10,3.15 3.50 2.16
110,"FC Ingolstadt
Jahn Regensburg",2.5 1.82 1.98,3.15 3.40 2.20
111,"Karlsruher SC
SC Paderborn 07",2.5 1.56 2.43,2.70 3.65 2.40
112,"FC Viktoria 1889 Berlin
Borussia Dortmund II",2.5 2.48 1.50,6.75 1.41 4.20
113,"Eintracht Braunschweig
Wehen Wiesbaden",3.5 2.12 1.65,15.00 4.40 1.23
114,"SV Meppen
SV Türkgücü-Ataspor München",2.5 1.78 1.98,2.05 3.40 3.30
115,"1. FC Kaiserslautern
FC Würzburger Kickers",2.5 1.90 1.86,1.78 3.70 3.90
116,"Jahn Regensburg II
TSV Landsberg",3.5 2.25 1.58,2.80 3.15 2.18
117,"Sv Neuhof
TSV Eintracht Stadtallendorf",3.5 1.76 1.97,8.50 6.00 1.15
118,"FC 1906 Erlensee
KSV Baunatal",3.5 2.12 1.65,1.72 3.70 3.40
119,"Siegburger SV 04
Spvg Wesseling-Urfeld",3.5 1.81 1.91,1.22 5.25 6.50
120,"SC Union Nettetal
VfB Hilden",3.5 2.10 1.65,4.20 4.00 1.50
121,"Wolfenbüttel
Eintracht Northeim",3.5 1.81 1.91,1.18 5.50 8.00
122,"FV Eppelborn
FV Diefflen",3.5 1.97 1.76,4.20 4.00 1.50
123,"TSV Emmelshausen
FV Engers 07",3.5 2.12 1.65,3.80 3.80 1.60
124,"FC Teutonia 05
SV Drochtersen/Assel",2.5 2.10 1.68,2.15 3.10 3.25
125,"St. Pauli II
Eintracht Norderstedt",2.5 1.64 2.18,2.30 3.30 2.75
126,"Altona 93
VfB Lübeck",3.5 2.28 1.58,5.25 4.25 1.48
127,"VfV Hildesheim
Atlas Delmenhorst",2.5 1.71 2.08,2.30 3.40 2.70
128,"Union Fürstenwalde
FSV Luckenwalde",3.5 2.40 1.54,3.40 3.60 1.90
129,"Tennis Borussia Berlin
BFC Dynamo",3.5 2.33 1.56,4.50 3.40 1.72
130,"Energie Cottbus
SV Babelsberg 03",2.5 1.60 2.25,1.85 3.60 3.60
131,"Germania Halberstadt
ZFC Meuselwitz",3.5 2.18 1.64,2.50 3.55 2.40
132,"Carl Zeiss Jena
Chemnitzer FC",2.5 1.56 2.33,1.60 3.85 4.75
133,"Hessen Kassel
Bahlinger SC",2.5 1.66 2.12,1.30 4.70 8.50
134,"Elversberg
SG Sonnenhof Großaspach",3.5 2.15 1.66,1.45 4.50 5.20
135,"Kickers Offenbach
TSV Steinbach",2.5 1.68 2.12,2.00 3.75 2.95
136,"FC 08 Homburg
VfB Stuttgart II",2.5 1.54 2.38,2.00 3.60 3.00
137,"Fortuna Düsseldorf II
Rot-Weiß Oberhausen",2.5 1.70 2.08,2.95 3.40 2.15
138,"Orense SC
Técnico Universitario",2.5 2.38 1.55,1.95 3.15 3.70
139,"Macará
Manta FC",2.5 1.98 1.78,1.68 3.40 4.50
140,"Guayaquil City FC
Emelec",2.5 1.68 2.07,5.20 3.85 1.52
141,"Al-Ittihad Alexandria
Future FC",2.5 2.28 1.58,1.75 3.15 4.50
142,"ENPPI Club
Al-Mokawloon Al-Arab",2.5 2.23 1.62,2.25 2.90 3.20
143,"Misr El Maqasha
El Gounah",2.5 2.12 1.67,2.75 3.00 2.50
144,"Ceramica Cleopatra
Ismaily",2.5 2.16 1.66,2.40 2.88 2.95
145,"Jocoro
CD Atletico Marte",2.5 1.97 1.76,1.72 3.25 4.10
146,"Municipal Limeño
AD Isidro Metapán",2.5 2.12 1.65,2.70 2.85 2.48
147,"CD Platense Zacatecoluca
CD FAS",2.5 2.12 1.64,2.85 2.95 2.30
148,"Once Deportivo de Ahuachapan
FC Alianza",2.5 1.89 1.82,3.25 3.05 2.05
149,"CD Luis Angel Firpo
Chalatenango",2.5 2.12 1.65,2.00 2.95 3.50
150,"CD Águila
Santa Tecla FC",2.5 2.10 1.66,1.67 3.20 4.40
151,"Manchester City
Crystal Palace",3.5 2.05 1.77,1.15 9.50 19.00
152,"Liverpool
Brighton & Hove Albion",3.5 2.20 1.68,1.25 6.75 12.00
153,"Burnley
Brentford",2.5 2.23 1.66,2.65 3.20 3.00
154,"Watford
Southampton",2.5 1.86 1.94,3.45 3.45 2.25
155,"Newcastle United
Chelsea",2.5 1.77 2.05,8.50 4.60 1.45
156,"Tottenham
Manchester United",2.5 1.74 2.10,3.05 3.60 2.38
157,"Sheffield United
Blackpool",2.5 1.82 1.98,1.57 4.00 6.40
158,"Hull City
Coventry City",2.5 2.10 1.73,3.20 3.40 2.30
159,"Huddersfield Town
Millwall",2.5 2.35 1.58,2.45 3.20 3.15
160,"Middlesbrough
Birmingham",2.5 2.17 1.68,2.15 3.35 3.55
161,"Bristol City
Barnsley",2.5 1.90 1.90,2.52 3.30 2.95
162,"Derby County
Blackburn Rovers",2.5 2.40 1.57,2.75 3.30 2.70
163,"Preston North End
Luton Town",2.5 2.38 1.58,2.60 3.25 2.88
164,"Stoke City
Cardiff City",2.5 2.05 1.77,1.88 3.50 4.50
165,"Swansea City
Peterborough United",2.5 1.83 1.98,1.60 4.30 5.50
166,"Reading
Bournemouth",2.5 1.94 1.86,5.30 3.80 1.70
167,"Manchester City (D)
Chelsea (D)",2.5 1.81 1.91,3.10 3.75 1.90
168,"Plymouth Argyle
Ipswich Town",2.5 1.94 1.87,2.70 3.40 2.60
169,"Rotherham United
Sunderland",2.5 1.95 1.85,2.00 3.60 3.75
170,"Portsmouth
Bolton",2.5 2.04 1.78,2.05 3.50 3.55
171,"Fleetwood Town
Wycombe Wanderers",2.5 2.10 1.73,3.65 3.35 2.10
172,"Wigan Athletic
Burton Albion",2.5 2.00 1.80,1.66 3.75 5.50
173,"Lincoln City
Shrewsbury Town",2.5 2.32 1.61,2.25 3.20 3.40
174,"Gillingham
Accrington Stanley",2.5 1.96 1.84,2.45 3.45 2.85
175,"Oxford United
Morecambe",2.5 1.70 2.15,1.48 4.60 6.50
176,"Charlton Athletic
Doncaster Rovers",2.5 1.96 1.84,1.75 3.75 4.75
177,"Cambridge United
AFC Wimbledon",2.5 2.05 1.77,2.80 3.50 2.45
178,"Crewe Alexandra
Milton Keynes Dons",2.5 1.80 2.00,3.70 3.60 2.00
179,"Cheltenham
Sheffield Wednesday",2.5 2.04 1.78,3.20 3.30 2.30
180,"Northampton Town
Carlisle",1.5 1.82 1.90,2.35 2.60 3.75
181,"Leyton Orient
Hartlepool United",2.5 2.38 1.52,1.95 3.40 4.10
182,"Mansfield Town
Tranmere Rovers",2.5 2.18 1.62,2.35 3.20 3.20
183,"Newport County
Stevenage FC",2.5 2.12 1.65,1.90 3.40 4.25
184,"Oldham Athletic
Swindon Town",2.5 1.94 1.79,3.60 3.50 2.05
185,"Bradford City
Forest Green Rovers",2.5 1.96 1.77,2.65 3.25 2.70
186,"Crawley Town
Port Vale",2.5 1.96 1.77,3.20 3.40 2.25
187,"Colchester United
Scunthorpe United",2.5 2.20 1.60,2.10 3.30 3.60
188,"Harrogate Town
Bristol Rovers",2.5 1.89 1.84,1.90 3.60 4.00
189,"Salford City FC
Exeter",2.5 2.07 1.68,2.35 3.30 3.10
190,"Barrow
Rochdale",2.5 2.10 1.67,2.50 3.20 2.90
191,"Sutton United
Walsall",2.5 2.12 1.65,2.40 3.20 3.10
192,"AFC Fylde
Gateshead",2.5 1.67 2.08,2.00 3.55 3.05
193,"York City
Blyth Spartans",2.5 1.61 2.18,1.39 4.50 5.80
194,"Southport
Chester FC",2.5 1.74 1.98,2.10 3.30 2.95
195,"Darlington FC
Guiseley",2.5 1.74 1.98,1.44 4.00 6.00
196,"Kidderminster Harriers
Spennymoor Town",2.5 1.62 2.17,2.23 3.35 2.75
197,"Brackley Town
Gloucester City",2.5 1.85 1.85,1.60 3.55 4.90
198,"Chorley
Farsley Celtic",2.5 1.74 1.98,1.64 3.60 4.50
199,"Alfreton Town
Bradford Park Avenue",2.5 1.68 2.05,1.72 3.60 3.85
200,"Boston United
Hereford United",2.5 1.82 1.89,1.61 3.50 4.90
201,"AFC Telford United
Leamington",2.5 1.78 1.94,2.10 3.40 2.95
202,"St Albans City
Eastbourne Borough",3.5 2.28 1.57,1.84 3.55 3.50
203,"Hungerford Town
Maidstone United",2.5 1.73 2.00,3.05 3.60 1.98
204,"Slough Town
Concord Rangers",2.5 1.67 2.08,1.97 3.35 3.25
205,"Dulwich Hamlet
Hampton & Richmond",2.5 1.72 2.02,2.50 3.25 2.50
206,"Ebbsfleet United
Bath City",2.5 1.54 2.32,1.40 4.35 6.00
207,"Chippenham Town
Braintree Town",2.5 1.63 2.15,1.97 3.50 3.15
208,"Dorking Wanderers FC
Dartford",2.5 1.62 2.17,2.65 3.30 2.32
209,"Chelmsford City
Havant & Waterlooville",2.5 1.68 2.08,3.40 3.30 1.90
210,"Wrexham
Torquay United",2.5 1.86 1.85,1.75 3.50 4.30
211,"Weymouth
King's Lynn Town FC",2.5 1.61 2.18,2.63 3.50 2.38
212,"Woking
Altrincham",2.5 1.76 1.95,1.85 3.50 3.75
213,"Grimsby Town
Notts County",2.5 1.93 1.78,2.18 3.45 2.95
214,"Solihull Moors
Yeovil Town",2.5 1.92 1.79,2.00 3.40 3.40
215,"Dover Athletic
Stockport County",2.5 1.80 1.91,8.00 4.75 1.33
216,"Eastleigh FC
Maidenhead United",2.5 1.78 1.94,1.95 3.50 3.40
217,"Bromley FC
Halifax Town",2.5 1.72 2.00,2.05 3.40 3.30
218,"Dag & Red
Chesterfield",2.5 1.79 1.93,2.75 3.35 2.35
219,"Boreham Wood
Southend",2.5 2.07 1.68,1.70 3.70 4.40
220,"Barnet
Aldershot",2.5 1.78 1.93,2.70 3.65 2.25
221,"FC Nõmme United
Levadia Tallinn II",4.5 2.30 1.55,1.42 4.75 5.25
222,"FC Elva
Parnu JK",3.5 1.90 1.81,1.80 3.80 3.50
223,"Vaprus Pärnu
JK Viljandi Tulevik",3.5 2.23 1.67,2.55 3.55 2.55
224,"Tammeka Tartu
Kuressaare FC",2.5 1.62 2.17,2.20 3.35 2.65
225,"JK Narva Trans
Flora Tallinn",3.5 2.06 1.68,11.00 5.75 1.16
226,"Nõmme Kalju
Levadia Tallinn",2.5 1.55 2.30,3.80 3.70 1.70
227,"Fasil Kenema SC
Jimma Aba Jifar",2.5 1.78 1.94,1.28 4.60 8.50
228,"Ethiopian Coffee SC
Sebeta Kima FC",3.5 2.38 1.52,1.85 3.50 3.40
229,"Nadi FC
Nadroga FC",2.5 1.62 2.17,1.53 4.00 4.75
230,"Rewa FC
Suva FC",2.5 1.70 2.05,1.53 4.00 4.75
231,"Navua FC
Lautoka FC",2.5 1.76 1.96,3.00 3.60 2.00
232,"AC Oulu
FC KTP",3.5 2.43 1.56,1.80 4.30 3.65
233,"FC Lahti
FC Honka",2.5 1.70 2.16,2.55 3.50 2.60
234,"FC Haka
IFK Mariehamn",3.5 2.35 1.58,1.70 4.15 4.30
235,"Metz
Saint-Étienne",2.5 1.95 1.85,2.70 3.30 2.65
236,"Lyon
Lens",2.5 1.58 2.35,1.57 4.50 5.10
237,"Angers
Nice",2.5 2.08 1.75,2.80 3.40 2.50
238,"Toulouse
Guingamp",3.5 2.33 1.56,2.75 3.45 2.40
239,"Nancy
Sochaux",1.5 1.56 2.35,3.25 3.00 2.30
240,"Pau
AC Ajaccio",1.5 1.60 2.25,2.95 2.70 2.75
241,"Nîmes Olympique
Niort",2.5 2.25 1.60,1.90 3.15 4.25
242,"SC Bastia
Amiens",2.5 2.50 1.50,2.00 3.10 4.00
243,"Rodez
Quevilly",2.5 2.48 1.50,1.75 3.35 4.75
244,"Dijon
Paris FC",2.5 2.16 1.66,2.63 2.95 2.80
245,"Caen
Grenoble",2.5 2.38 1.54,2.15 3.10 3.50
246,"Dunkerque
Le Havre",1.5 1.48 2.55,3.20 2.75 2.52
247,"Fleury 91 (D)
Stade de Reims (D)",2.5 2.17 1.62,1.95 3.40 3.10
248,"Torpedo Kutaisi
FC Dila Gori",2.5 2.05 1.68,3.85 3.05 1.85
249,"Dreams FC
Asante Kotoko",2.5 2.55 1.46,4.00 3.10 1.83
250,"PAOK Thessaloniki
Apollon Smyrnis",2.5 1.55 2.32,1.18 6.10 12.50
251,"Panetolikos Agrinio
Olympiakos Piraeus",2.5 1.87 1.88,6.50 4.25 1.42
252,"Lamia 1964
Atromitos Athens",1.5 1.48 2.55,2.25 2.95 3.25
253,"Xelaju MC
Deportivo Iztapa",2.5 2.20 1.60,1.80 3.10 3.95
254,"CD Marathón
CD Victoria",3.5 2.38 1.50,1.20 5.00 9.00
255,"CD Motagua
Real CD España",2.5 1.81 1.90,1.80 3.45 3.45
256,"Mezökövesd
Újpest FC",3.5 2.18 1.62,2.65 2.48 3.30
257,"MTK Budapest FC
DVSC Debreceni",2.5 1.73 2.10,2.14 3.40 3.10
258,"Gyirmot FC
Ferencváros",2.5 1.60 2.33,8.50 5.20 1.29
259,"Kisvarda
Zalaegerszegi TE",2.5 1.57 2.40,1.76 3.80 3.90
260,"Kecskeméti TE
III Keruleti TVE",2.5 1.54 2.33,1.50 3.80 4.60
261,"Soroksár
Budaörsi SC",2.5 1.67 2.08,2.10 3.20 2.90
262,"BFC Siófok
Szeged",2.5 1.96 1.76,2.38 2.90 2.70
263,"Mutual FC
Chelsea Soccer School",3.5 2.32 1.55,2.40 4.00 2.25
264,"Tung Sing
Kwong Wah",3.5 2.02 1.71,1.33 5.00 6.00
265,"Kwun Tong
Lucky Mile",3.5 2.32 1.55,2.40 4.00 2.25
266,"Fu Moon
Leaper St. Joseph",3.5 2.02 1.71,5.00 4.50 1.45
267,"Kowloon City
Wanchai Sportfederatie",3.5 1.81 1.91,1.25 5.50 7.50
268,"City FC
Fukien",3.5 2.25 1.58,2.75 4.00 2.00
269,"Sun Hei SC
Wing Go Fu Moon",3.5 2.18 1.62,2.80 4.35 1.90
270,"Sai Kung Friends FC
Ornament",3.5 2.16 1.62,1.85 4.35 3.00
271,"Resources Capital
Southern District",3.5 2.10 1.66,3.50 3.80 1.75
272,"Eastern Sports Club
Hong Kong Rangers",3.5 2.06 1.68,1.30 4.60 6.75
273,"Peamount United (D)
Cork City FC (D)",4.5 1.76 1.96,1.02 13.00 19.00
274,"Athlone Town Fc (D)
UCD Waves (D)",4.5 2.25 1.58,6.00 5.50 1.32
275,"Shelbourne Ladies FC (D)
Galway (W)",3.5 1.81 1.91,1.08 9.00 13.00
276,"Persik Kediri
Persija Jakarta",2.5 2.20 1.61,2.70 3.40 2.15
277,"PS Tira
Bhayangkara",2.5 1.96 1.77,4.25 3.40 1.67
278,"Esteghlal Tehran FC
Tractor Sazi FC",2.5 2.48 1.48,1.60 3.25 5.10
279,"Sanat Naft Abadan
Fajr Sepasi",1.5 1.50 2.43,2.00 2.88 3.65
280,"Shahr-e Khodrou FC
Naft Masjed Soleyman",1.5 1.68 2.07,2.85 2.45 2.75
281,"Hapoel Ironi Kiryat Shmona
Maccabi Tel Aviv",2.5 2.02 1.74,5.20 3.65 1.57
282,"Hapoel Katamon Jerusalem
Maccabi Petach Tikva",2.5 2.45 1.52,5.60 3.60 1.55
283,"Maccabi Netanya
Hapoel Beer Sheva",2.5 2.16 1.66,4.30 3.30 1.75
284,"MS Ashdod
Maccabi Haifa",2.5 1.79 1.97,5.20 4.20 1.50
285,"Atalanta
Lazio",2.5 1.45 2.60,3.85 3.55 1.96
286,"Hellas Verona
Juventus",2.5 1.95 1.86,4.40 3.75 1.79
287,"Torino
Sampdoria",2.5 1.87 1.93,1.81 3.65 4.40
288,"Inter
Udinese",2.5 1.60 2.35,1.35 5.00 9.00
289,"Picerno
Foggia",2.5 2.20 1.60,2.75 2.90 2.50
290,"Turris
Juve Stabia",2.5 2.30 1.55,3.10 2.80 2.30
291,"Taranto
Potenza",2.5 2.20 1.60,2.10 3.00 3.30
292,"ACR Messina
SSD Citta di Campobasso",2.5 1.91 1.81,2.05 3.15 3.25
293,"Palermo
Avellino",2.5 2.25 1.57,2.60 3.05 2.50
294,"Fagiano Okayama
Albirex Niigata",2.5 2.43 1.52,3.20 3.05 2.30
295,"Tochigi SC
Montedio Yamagata",2.5 2.40 1.53,4.50 3.30 1.82
296,"Azul Claro Numazu
FC Gifu",2.5 2.20 1.60,3.10 3.10 2.18
297,"Tegevajaro Miyazaki
Fujieda MYFC",2.5 1.86 1.86,2.60 3.10 2.45
298,"Kagoshima United
Roasso Kumamoto",2.5 2.02 1.71,3.35 3.15 2.02
299,"Kamatamare Sanuki
FC Imabari",2.5 2.12 1.64,2.70 3.10 2.45
300,"Vihiga Bullets
Kakamega Homeboyz",2.5 1.85 1.86,6.50 4.50 1.36
301,"Mathare United
Kariobangi Sharks",2.5 2.28 1.56,3.25 2.85 2.20
302,"Bandari
FC Talanta",2.5 2.05 1.68,1.66 3.40 4.50
303,"Hrvatski Dragovoljac
Šibenik",3.5 1.62 2.18,7.50 3.35 1.52
304,"HNK Gorica
Dinamo Zagreb",2.5 1.76 2.00,4.60 3.85 1.57
305,"RFS
Riga FC",3.5 2.30 1.55,1.75 3.85 3.75
306,"Žalgiris Vilnius
Hegelmann Litauen Kaunas",2.5 1.60 2.23,1.38 4.35 6.25
307,"FK Kauno Zalgiris
Dainava Alytus",2.5 1.85 1.85,1.38 4.10 7.00
308,"FK Panevezys
Džiugas Telšiai",2.5 1.63 2.16,1.52 4.00 5.00
309,"FC Progrès Niederkorn
FC Swift Hesperange",2.5 1.76 1.96,2.80 3.30 2.20
310,"Valletta FC
St. Lucia FC",2.5 1.86 1.85,1.98 3.15 3.15
311,"Hamrun Spartans
Sirens FC",2.5 1.57 2.28,1.43 4.00 5.20
312,"FUS Rabat
OCK Khouribga",1.5 1.48 2.48,1.74 3.10 4.40
313,"Difaâ Hassani El Jadida
Raja Casablanca",2.5 2.08 1.68,3.25 2.95 2.08
314,"Mouloudia Oujda
Club Chabab Riadi Salmi",2.5 2.38 1.53,2.17 3.00 3.05
315,"Chabab Atlas Khenifra
Wydad Fes",1.5 1.48 2.48,3.10 2.75 2.35
316,"Querétaro FC
Santos Laguna",2.5 2.28 1.58,2.90 3.05 2.40
317,"CF Pachuca
Pumas UNAM",2.5 2.08 1.71,1.71 3.45 4.75
318,"Tigres UANL
Chivas Guadalajara",2.5 2.48 1.50,1.65 3.50 5.20
319,"Pumas UNAM (D)
Toluca (D)",2.5 1.71 2.02,1.90 3.50 3.35
320,"Leones Negros UDG Premier
UA Zacatecas",2.5 1.97 1.76,2.10 3.40 2.90
321,"Catedraticos Elite FC
Correcaminos Uat II",2.5 1.77 1.97,1.90 3.50 3.30
322,"Deportivo Dongu FC
Canoneros Marina",2.5 1.71 2.04,2.10 3.40 2.85
323,"Real Colima
Alacranes de Durango",2.5 1.72 2.02,3.25 3.30 2.00
324,"FK Cetinje
Jedinstvo Bijelo Polje",2.5 2.23 1.58,6.00 3.30 1.55
325,"FK Berane
FK Bokelj",2.5 2.43 1.50,3.20 2.80 2.25
326,"FK Kom Podgorica
OSK Igalo",2.5 2.25 1.57,3.20 3.00 2.10
327,"FK Arsenal Tivat
OFK Titograd Podgorica",2.5 2.07 1.68,1.35 4.25 7.00
328,"FK Decic Tuzi
FK Iskra Danilovgrad",2.5 2.14 1.64,1.87 3.00 3.75
329,"Sutjeska FK
Rudar Pljevlja",2.5 1.96 1.76,1.45 3.65 5.50
330,"PSV Eindhoven
FC Twente",2.5 1.58 2.38,1.33 5.50 8.50
331,"Heracles Almelo
Ajax",3.5 1.95 1.85,12.00 6.50 1.23
332,"SC Heerenveen
Vitesse",2.5 1.70 2.16,2.45 3.50 2.80
333,"AZ Alkmaar
PEC Zwolle",2.5 1.57 2.40,1.23 6.25 12.50
334,"Sparta Rotterdam
Feyenoord",2.5 1.64 2.25,5.80 4.35 1.54
335,"NEC Nijmegen
FC Groningen",2.5 2.00 1.82,2.55 3.25 2.85
336,"Excelsior Rotterdam
FC Eindhoven",2.5 1.60 2.25,1.64 4.10 4.50
337,"TOP Oss
NAC Breda",2.5 1.74 2.02,3.25 3.55 2.06
338,"Spakenburg
Quick Boys",2.5 2.18 1.67,2.55 3.45 2.55
339,"Real Estelí
Diriangen FC",/,/
340,"H&W Welders
Ballinamallard United",2.5 1.60 2.23,2.40 3.75 2.40
341,"Coleraine
Portadown",3.5 2.12 1.66,1.18 6.00 9.50
342,"Cliftonville
Glenavon",2.5 1.60 2.28,1.85 3.75 3.20
343,"Warrenpoint Town
Crusaders Belfast",3.5 2.30 1.58,6.10 4.70 1.35
344,"Linfield
Dungannon Swifts",3.5 1.86 1.86,1.23 5.50 8.50
345,"Ballymena United
Larne FC",2.5 1.63 2.20,4.25 3.90 1.60
346,"Kristiansund BK
Tromsø",2.5 1.73 2.12,2.10 3.60 3.30
347,"Rosenborg
Lillestrøm",3.5 2.40 1.56,1.53 4.50 5.60
348,"Kongsvinger
Bærum",3.5 2.16 1.65,1.08 9.50 29.00
349,"Florø SK
Tromsdalen",3.5 2.04 1.70,4.05 3.95 1.65
350,"Senja
Hødd",3.5 2.02 1.70,8.40 5.30 1.24
351,"Shakhtar Donetsk
Desna Chernihiv",2.5 1.53 2.43,1.10 7.50 18.00
352,"FC Ingulets Petrovo
Veres Rivne",2.5 2.28 1.60,2.20 2.95 3.25
353,"Kolos Kovalivka
FC Lviv",2.5 2.08 1.68,1.85 3.35 3.80
354,"Avanhard Kramatorsk
Hirnyk-Sport",2.5 2.04 1.70,2.35 3.15 2.55
355,"Al-Suwaiq (OMN)
Al Nasr (OMN)",2.5 2.40 1.50,2.25 3.05 2.65
356,"Austria Klagenfurt
Admira",2.5 1.86 1.90,2.40 3.40 2.75
357,"Rheindorf Altach
Hartberg",2.5 1.83 1.92,2.80 3.50 2.30
358,"Ried
Red Bull Salzburg",3.5 1.95 1.78,14.00 7.50 1.15
359,"WSG Swarovski Tirol
Austria Wien",2.5 1.70 2.08,2.70 3.40 2.45
360,"Sturm Graz
Wolfsberger AC",2.5 1.62 2.23,1.85 3.70 3.80
361,"Austria Wien II
Kapfenberger SV 1919",4.5 2.00 1.76,6.00 3.65 1.56
362,"FC Juniors OÖ
SKU Amstetten",3.5 2.23 1.62,3.35 3.60 1.87
363,"St. Pölten
Oostenrijk Lustenau",2.5 1.57 2.33,2.25 3.50 2.63
364,"Tauro FC Reserves
San Martin FC",2.5 1.81 1.91,1.88 3.30 3.15
365,"Atlético Nacional (PAN)
San Francisco FC B",2.5 1.76 1.97,1.45 3.90 5.00
366,"CD Universitario
San Francisco FC",1.5 1.57 2.28,2.75 2.60 2.80
367,"Tauro FC
Árabe Unido",1.5 1.54 2.33,2.25 2.80 3.30
368,"Atlético Chiriquí
Azuero FC",1.5 1.48 2.48,2.65 2.80 2.70
369,"12 de Octubre
Libertad Asuncion",2.5 1.78 1.98,4.20 3.40 1.75
370,"Guaraní
Sportivo Luqueño",2.5 1.83 1.93,1.62 3.50 5.20
371,"UTC Cajamarca
Universidad de San Martin de Porres",2.5 2.25 1.65,2.95 2.95 2.45
372,"Sporting Cristal
Sport Boys",2.5 1.73 2.12,1.78 3.45 4.20
373,"Carlos A. Manucci
Academia Cantolao",2.5 1.86 1.96,1.55 3.85 5.40
374,"EM Deportivo Binacional
César Vallejo",2.5 1.87 1.94,2.70 3.05 2.55
375,"Alianza Universidad
Ayacucho FC",2.5 1.82 2.00,3.70 3.30 1.95
376,"Alianza Atletico
Deportivo Municipal",2.5 1.77 2.06,1.97 3.45 3.45
377,"Cusco FC
Sport Huancayo",2.5 1.86 1.95,1.75 3.60 4.20
378,"Warta Poznań
Lechia Gdańsk",1.5 1.57 2.28,3.90 2.95 2.07
379,"Górnik Zabrze
Zagłębie Lubin",2.5 1.93 1.87,1.90 3.60 3.90
380,"Jagiellonia Białystok
Piast Gliwice",2.5 2.18 1.68,2.35 3.25 3.00
381,"Wisła Płock
Wisła Kraków",2.5 1.90 1.90,2.25 3.40 3.10
382,"Resovia
Widzew Łódź",2.5 2.23 1.61,3.10 2.95 2.28
383,"LKS Lodz
Górnik Polkowice",2.5 1.93 1.82,1.62 3.65 4.75
384,"Miedź Legnica
Arka Gdynia",2.5 2.05 1.73,2.55 3.15 2.55
385,"Ruch Chorzów
Olimpia Elbląg",1.5 1.74 2.04,2.05 3.00 3.95
386,"MKS Kluczbork
Miedź II Legnica",2.5 1.55 2.32,3.50 4.00 1.72
387,"Zawisza Bydgoszcz
ZKS Kluczevia Stargard",3.5 2.08 1.67,1.15 7.00 10.00
388,"Pelikan Łowicz
Blonianka Blonie",2.5 1.72 2.02,2.25 3.50 2.60
389,"Zagłębie II Lubin
Karkonosze Jelenia Góra",3.5 1.80 1.91,1.25 5.50 7.50
390,"Ślęza Wrocław
Odra Wodzisław",2.5 1.57 2.28,1.45 4.20 5.50
391,"Olimpia Grudziądz
Starogard Gdanski",2.5 1.54 2.33,1.28 5.00 7.50
392,"Wisla Sandomierz
KSZO Ostrowiec Świętokrzyski",2.5 1.81 1.90,3.30 3.50 1.90
393,"LKS Lagow
Siarka Tarnobrzeg",2.5 1.65 2.10,2.40 3.40 2.50
394,"FC Porto
Boavista",3.5 2.28 1.63,1.14 7.50 17.00
395,"Estoril
Benfica",2.5 1.75 2.07,6.75 4.50 1.42
396,"Sporting Lisbon
Vitoria Guimarães",2.5 1.88 1.92,1.48 4.35 6.25
397,"S.C. Espinho
Valadares Gaia FC",2.5 2.10 1.66,2.10 3.15 3.05
398,"Peniche
GD Fontinhas",2.5 2.33 1.54,2.85 3.10 2.23
399,"CF Estrela
FC Porto B",2.5 1.90 1.86,2.30 3.30 2.75
400,"Mafra
Sporting Covilhã",2.5 2.18 1.64,1.80 3.30 4.10
401,"Al Duhail SC
Qatar SC",2.5 1.54 2.32,1.43 4.10 5.50
402,"Al Shamal
Al Khor",2.5 1.67 2.08,2.75 3.25 2.23
403,"Al Sadd (QAT)
Al Ahli (QAT)",3.5 1.68 2.06,1.06 8.50 16.00
404,"Al Arabi (QAT)
Al Rayyan",2.5 1.70 2.04,2.80 3.35 2.14
405,"Universitatea Craiova
Mioveni",2.5 1.88 1.92,1.30 5.30 9.00
406,"CFR Cluj
SC FC Voluntari SA",2.5 2.48 1.54,1.46 3.70 8.50
407,"Gaz Metan Mediaş
Academica Clinceni",2.5 2.43 1.56,1.78 3.25 5.00
408,"Ripensia Timișoara
FC Buzău",2.5 1.89 1.83,3.25 3.20 2.02
409,"Dunărea Călărași
Csikszereda Miercurea Ciuc",2.5 1.86 1.86,6.75 4.40 1.33
410,"Astra Giurgiu
Petrolul Ploieşti",2.5 2.02 1.72,6.75 3.85 1.40
411,"Unirea Dej
ASU Poli Timișoara",2.5 2.35 1.54,2.70 3.05 2.43
412,"Spartak Moscow
FC Rostov",2.5 2.08 1.68,1.60 3.75 5.10
413,"FC Krasnodar
Krylya Sovetov Samara",2.5 1.58 2.28,1.48 4.35 6.00
414,"FC Olimpiyets Nizhny Novgorod
Lokomotiv Moscow",2.5 2.08 1.70,4.25 3.35 1.85
415,"Ufa
FC Akhmat Grozny",2.5 2.35 1.56,2.60 3.05 2.75
416,"Arsenal Tula
FK Sochi",2.5 1.90 1.85,4.00 3.60 1.82
417,"SKA Energiya Khabarovsk
Neftekhimik Nizhnekamsk",2.5 2.38 1.52,2.20 2.95 3.05
418,"FK Dolgoprudny
Rotor Volgograd",2.5 2.38 1.53,3.20 2.95 2.10
419,"Tekstilshchik Ivanovo
Kamaz Chelny",2.5 2.32 1.55,3.05 2.95 2.20
420,"Metallurg Lipetsk
Gazovik Orenburg",2.5 1.86 1.86,8.50 4.25 1.28
421,"Volgar-Gazprom Astrakhan
Akron Tolyatti",2.5 2.33 1.54,2.65 2.75 2.60
422,"Veles Moscow
Fakel Voronezh",2.5 1.96 1.77,3.10 3.30 2.00
423,"FK Urozhay Krasnodar
Yenisey Krasnoyarsk",2.5 1.89 1.83,2.95 3.30 2.10
424,"Al Ittifaq (KSA)
Al Dhamk",2.5 1.58 2.30,1.90 3.30 3.65
425,"Al Taawon Buraidah
Abha",2.5 1.68 2.10,1.82 3.65 3.65
426,"Al Feiha
Al Nassr (KSA)",2.5 1.77 1.96,4.20 3.60 1.70
427,"Dundee United
St Johnstone",1.5 1.56 2.43,2.55 3.05 2.88
428,"Celtic
Livingston",3.5 2.16 1.70,1.15 8.00 16.00
429,"Aberdeen
Hearts",2.5 2.18 1.68,2.65 3.25 2.65
430,"St Mirren
Dundee FC",2.5 2.00 1.80,2.00 3.45 3.65
431,"Ross County
Hibernian",/,/
432,"Motherwell
Rangers FC",2.5 1.74 2.08,7.50 4.60 1.40
433,"Raith Rovers
Ayr United",2.5 1.98 1.78,1.80 3.50 4.00
434,"Partick Thistle
Inverness CT",2.5 1.98 1.78,2.43 3.15 2.80
435,"Greenock Morton
Hamilton Academical",2.5 2.55 1.48,2.75 3.15 2.48
436,"Kilmarnock
Queen of the South",2.5 1.82 1.93,1.55 4.10 5.00
437,"Arbroath
Dunfermline Athletic",2.5 1.98 1.78,2.00 3.45 3.35
438,"Alloa Athletic
Airdrieonians",2.5 1.82 1.93,2.95 2.80 2.50
439,"Peterhead
Montrose",2.5 1.78 1.98,3.05 3.20 2.20
440,"East Fife
Dumbarton",2.5 1.78 1.98,2.10 3.55 2.95
441,"Cove Rangers
Queen's Park",2.5 1.88 1.88,2.18 3.55 2.80
442,"Clyde
Falkirk",2.5 1.78 1.98,3.75 3.60 1.80
443,"Kelty Hearts
Stirling Albion",2.5 1.68 2.10,1.60 3.60 4.90
444,"Annan Athletic
Cowdenbeath",2.5 1.77 2.00,1.70 3.50 4.30
445,"Stranraer
Forfar Athletic",2.5 1.85 1.90,2.75 3.30 2.30
446,"Lothian Thistle
Dunbar United FC",3.5 1.96 1.76,2.15 3.80 2.65
447,"Albion Rovers
Brora Rangers",3.5 2.33 1.55,2.00 3.60 3.00
448,"FK Kabel Novi Sad
Javor Ivanjica",2.5 2.23 1.60,8.50 3.50 1.40
449,"Radnički Niš
Mladost Lučani",2.5 1.80 1.91,1.38 4.00 6.25
450,"MFK Skalica
FK Humenné",2.5 2.28 1.57,1.77 3.15 3.95
451,"Samorín
Žilina B",3.5 2.05 1.68,2.50 3.45 2.23
452,"Ružomberok
SKF Sered",2.5 2.17 1.62,1.73 3.35 4.00
453,"Tatran Liptovský Mikuláš
DAC Dunajska Streda",2.5 1.58 2.23,4.20 4.20 1.54
454,"Zemplín Michalovce
FK Pohronie",2.5 1.74 1.98,1.50 4.10 4.60
455,"Žilina
Zlaté Moravce",3.5 2.30 1.55,1.48 4.20 4.60
456,"Olimpija Ljubljana
NK Bravo",2.5 2.25 1.58,1.74 3.35 4.00
457,"Drava Ptuj
NK Krka",3.5 1.85 1.86,6.80 5.25 1.30
458,"Elche
Real Madrid",2.5 1.82 1.91,1001.00 141.00 /
459,"Sevilla
Osasuna",2.5 2.10 1.74,1.55 4.00 7.00
460,"Valencia
Villarreal",2.5 1.95 1.85,2.95 3.30 2.55
461,"FC Barcelona
Alavés",3.5 2.40 1.57,1.26 6.40 11.50
462,"Cadiz
Mallorca",1.5 1.55 2.45,2.63 2.95 3.15
463,"Huesca
SD Amorebieta",2.5 2.10 1.68,1.70 3.40 5.30
464,"Lugo
Sporting de Gijón",1.5 1.48 2.55,3.10 2.85 2.60
465,"FC Cartagena
Ponferradina",2.5 2.20 1.64,2.10 3.00 3.90
466,"Fuenlabrada
Girona FC",2.5 2.48 1.50,2.65 3.05 2.80
467,"Real Betis (D)
Athletic Club Bilbao (D)",2.5 1.86 1.86,3.05 3.30 2.00
468,"Levante (D)
Cajasol Trigueros Universidad (D)",3.5 2.23 1.58,1.20 5.50 8.00
469,"Deportivo Alaves (D)
UD Granadilla Tenerife (D)",2.5 1.72 2.02,2.80 3.15 2.20
470,"FC Barcelona (D)
Real Sociedad (D)",/,/
471,"Atlético Madrid (D)
Villarreal CF (D)",/,/
472,"Rayo Vallecano (D)
Sevilla (D)",2.5 1.65 2.14,5.10 3.60 1.50
473,"Deportivo La Coruña
Zamora CF",2.5 2.20 1.60,1.32 4.00 8.50
474,"Tudelano
Cultural Leonesa",2.5 2.00 1.72,2.80 3.10 2.30
475,"CD Badajoz
Extremadura UD",1.5 1.47 2.50,1.60 3.10 6.00
476,"Internacional de Madrid
Unionistas de Salamanca CF",2.5 2.48 1.48,2.75 3.20 2.30
477,"SD Logroñés
Bilbao Athletic",2.5 2.12 1.65,2.20 3.00 3.10
478,"Celta Vigo B
UD Logroñés",2.5 2.32 1.55,2.60 3.00 2.50
479,"Betis Deportivo
UE Costa Brava",2.5 2.38 1.52,2.05 2.85 3.60
480,"Albacete Balompié
San Fernando CD",2.5 2.20 1.60,1.62 3.30 5.40
481,"CD Castellon
Atletico Baleares",2.5 2.28 1.57,2.30 3.00 2.85
482,"Alcoyano
Algeciras CF",2.5 2.14 1.64,2.30 2.90 3.00
483,"Linense
Atletico Sanluqueño CF",1.5 1.58 2.23,2.25 2.70 3.30
484,"CD Leganes B
Club Marino de Luanco",2.5 2.23 1.58,2.00 3.00 3.50
485,"Bergantiños CF
CD Arenteiro",2.5 2.33 1.54,2.00 3.00 3.50
486,"UP Langreo
Real Avilés CF",2.5 2.33 1.54,2.60 2.85 2.60
487,"UC Ceares
CDA Navalcarnero",2.5 2.23 1.58,2.25 3.00 3.00
488,"CD Móstoles URJC
UD Llanera",2.5 2.23 1.58,1.90 3.10 3.75
489,"SD Compostela
Gimnástica Segoviana",2.5 2.23 1.58,2.10 3.00 3.25
490,"UD Logroñés Promesas
Racing Rioja CF",2.5 2.10 1.66,2.75 2.95 2.50
491,"UD Mutilvera
Burgos CF Promesas",2.5 2.43 1.50,2.10 3.00 3.25
492,"CD Tropezon
AD San Juan",2.5 2.28 1.57,2.20 3.00 3.10
493,"CD Laredo
Real Sociedad C",2.5 2.23 1.58,2.55 3.00 2.55
494,"CA Osasuna B
Peña Sport",2.5 2.17 1.62,1.62 3.20 5.50
495,"Espanyol B
Ebro",2.5 2.28 1.57,1.66 3.10 5.50
496,"SCR Peña Deportiva
CD Ibiza Islas Pitiusas",2.5 2.02 1.71,2.60 2.95 2.60
497,"Huesca B
CE Europa",2.5 2.20 1.60,1.90 3.00 4.00
498,"SD Ejea
CE Andratx",2.5 1.96 1.76,1.72 3.50 4.00
499,"SD Formentera
Lleida Esportiu",2.5 2.28 1.57,2.30 3.20 2.75
500,"Cadiz CF B
Velez CF",2.5 2.20 1.60,2.00 3.00 3.65
501,"CD San Roque de Lepe
Córdoba CF",2.5 1.81 1.91,3.75 3.00 1.95
502,"Antequera CF
Cacereño",2.5 2.08 1.68,2.40 2.80 2.90
503,"UD Montijo
Xerez Deportivo FC",2.5 2.02 1.71,2.35 2.90 2.95
504,"Don Benito
CF Panaderia Pulido",2.5 2.15 1.64,1.53 3.25 6.50
505,"CD Coria
Ceuta",2.5 2.23 1.58,2.40 3.20 2.65
506,"UD San Fernando
Merida AD",2.5 1.86 1.85,2.50 3.20 2.50
507,"UD Tamaraceite
Las Palmas Atlético",2.5 2.04 1.70,2.30 3.20 2.75
508,"CD Mensajero
Villanovense",2.5 2.40 1.50,3.60 2.75 2.10
509,"CD Parquesol CF (D)
Racing Santander (D)",2.5 1.64 2.12,3.60 3.50 1.75
510,"Real Betis Balompie B (W)
Granada CF (D)",2.5 1.62 2.17,3.50 3.40 1.80
511,"SE AEM (D)
Espanyol (D)",2.5 1.81 1.91,2.48 3.60 2.25
512,"Atlético Mancha Real
UD Socuéllamos",2.5 2.40 1.50,2.00 3.00 3.60
513,"Recreativo Granada
CF Intercity",2.5 2.23 1.58,2.55 3.00 2.55
514,"Melilla
Atlético Levante",2.5 2.23 1.58,2.10 3.10 3.20
515,"Mtibwa Sugar
Dodoma FC",1.5 2.55 1.47,3.20 2.18 3.20
516,"Young Africans SC
Azam FC",1.5 1.46 2.55,1.95 3.10 3.60
517,"Bangkok United
Nong Bua Pitchaya",3.5 2.38 1.50,1.28 4.60 7.00
518,"Port FC
Chonburi FC",2.5 1.60 2.20,1.77 3.60 3.60
519,"Samut Prakan City FC
Ratchaburi FC",2.5 1.76 1.96,2.04 3.20 3.15
520,"Buriram United
Muang Thong United",2.5 1.60 2.20,1.60 3.60 4.40
521,"Teplice
Slovan Liberec",2.5 1.90 1.82,8.00 4.10 1.38
522,"FC Fastav Zlín
České Budějovice",1.5 1.65 2.12,2.25 2.80 3.55
523,"Sigma Olomouc
Slovácko",2.5 1.93 1.82,2.90 3.35 2.30
524,"FC Strani
Vsetin",2.5 1.57 2.35,2.75 4.00 2.00
525,"MFK Karviná B
Vitkovice",3.5 1.80 1.91,1.50 4.50 4.50
526,"FC Spartak Velká Bíteš
TJ Sokol Tasovice",3.5 2.04 1.70,2.15 4.00 2.50
527,"FK Kozlovice
TJ Skaštice",3.5 1.81 1.91,1.20 6.00 9.00
528,"FK Dvůr Králové
Kutná Hora",3.5 1.75 1.98,1.36 4.75 6.00
529,"Slávia Kroměříž
SFK Vrchovina",3.5 2.00 1.73,1.20 5.25 8.00
530,"Sigma Olomouc B
FC Vysocina Jihlava B",3.5 1.68 2.06,1.25 4.90 6.50
531,"Slovácko B
FC Slovan Rosice",2.5 1.50 2.40,1.62 4.10 3.55
532,"SK Uničov
Apos Blansko",/,/
533,"Viktoria Žižkov
FC Vysocina Jihlava",3.5 2.25 1.57,2.05 3.75 2.75
534,"Sparta Praha B
Dukla Praha",2.5 1.67 2.08,2.25 3.20 2.80
535,"FK Pribram B
Motorlet Praha",3.5 2.02 1.72,2.14 3.60 2.55
536,"Hradec Kralove B
Bohemians 1905 B",3.5 2.02 1.72,2.60 3.55 2.12
537,"FK Pardubice B
Mladá Boleslav B",3.5 1.90 1.81,2.00 3.60 2.80
538,"Viktoria Plzeň B
Slavia Praha B",3.5 1.79 1.93,2.45 3.55 2.23
539,"SK Zápy
Teplice B",3.5 1.80 1.91,1.50 4.20 4.20
540,"Altay Izmir
Sivasspor",1.5 1.79 1.96,2.70 2.70 3.05
541,"Hatayspor
Beşiktaş A.Ş.",3.5 2.55 1.52,1.50 4.00 6.00
542,"Konyaspor
Fenerbahçe",2.5 1.89 1.91,2.85 3.35 2.33
543,"Kayserispor
Fatih Karagümrük",2.5 1.74 2.10,2.70 3.45 2.38
544,"Alanyaspor
Göztepe A.Ş.",2.5 1.65 2.23,1.62 4.00 4.80
545,"Manisa Büyükşehir Belediyespor
Boluspor",1.5 1.70 2.14,1.49 3.45 7.50
546,"Eyüpspor
Ankaragücü",2.5 1.73 2.00,2.10 3.25 3.05
547,"Ümraniyespor
Tuzlaspor",2.5 1.81 1.91,1.47 3.75 5.75
548,"Erzurumspor
Balikesirspor",2.5 1.70 2.02,1.30 4.35 7.50
549,"Etimesgut Bld. Spor
Çorum Belediyespor",2.5 2.02 1.72,2.80 3.15 2.20
550,"Kahramanmarasspor
Ankaraspor",2.5 1.57 2.28,7.50 4.25 1.28
551,"Sarıyer S.K.
Bodrumspor",2.5 2.02 1.72,2.55 3.10 2.43
552,"Sivas Dorteylul Belediyespor
Somaspor",2.5 1.72 2.02,1.30 4.40 6.50
553,"Ergene Velimese Spor
Adıyamanspor",2.5 1.78 1.93,2.10 3.15 3.05
554,"Turgutluspor
Inegölspor",2.5 1.91 1.81,2.30 3.10 2.70
555,"Nazilli Bld Spor
Isparta 32 Spor",2.5 2.02 1.72,2.48 3.15 2.48
556,"Utaş Uşakspor
Pendikspor",2.5 2.02 1.72,3.40 3.20 1.90
557,"Ankara Demirspor
Tarsus İdman Yurdu",2.5 1.91 1.81,1.90 3.30 3.30
558,"Malatya Yesilyurt Belediyespor
Siirt Il Özel Idaresi Spor",2.5 1.88 1.83,1.50 3.55 5.00
559,"Yomraspor
Bayrampasaspor",2.5 2.23 1.58,1.88 3.15 3.30
560,"Çarşambaspor
76 Igdir Belediyespor",2.5 2.28 1.57,2.95 2.88 2.15
561,"CA Boston River
CA River Plate (URU)",2.5 2.16 1.68,2.70 3.25 2.50
562,"CA Fénix Montevideo
Cerro Largo FC",2.5 2.28 1.60,2.55 3.05 2.55
563,"Sud America
Deportivo Maldonado",2.5 2.30 1.58,2.65 3.00 2.50
564,"Plaza Colonia
Progreso",2.5 2.14 1.67,1.78 3.50 3.80
565,"Montevideo City Torque
Villa Española",2.5 1.62 2.23,1.28 4.70 7.00
566,"Portuguesa FC
Aragua FC",2.5 2.20 1.60,2.43 2.90 2.70
567,"Academia Puerto Cabello
CS Hermanos Colmenarez",2.5 2.05 1.68,2.15 2.88 3.20
568,"Inter Miami CF
New York City FC",2.5 1.58 2.25,3.90 3.80 1.84
569,"Real Salt Lake
San Jose Earthquakes",2.5 1.57 2.28,1.64 4.10 4.80
570,"New York Red Bulls
CF Montreal",2.5 1.98 1.76,1.65 3.80 5.10
571,"Atlanta United FC
Toronto FC",3.5 2.38 1.53,1.44 4.75 6.25
572,"D.C. United
Columbus Crew",2.5 1.71 2.05,1.67 3.90 4.80
573,"FC Dallas
Austin FC",3.5 2.18 1.63,1.84 3.85 3.85
574,"Michigan Stars FC
Los Angeles Force",2.5 1.96 1.76,2.20 3.30 2.80
575,"Detroit City FC
California United Strikers FC",2.5 1.62 2.17,1.40 4.50 5.50
576,"New Amsterdam FC
Chicago House AC",2.5 1.81 1.90,2.10 3.50 2.80
577,"Maryland Bobcats FC
Chattanooga",2.5 1.96 1.76,2.30 3.60 2.50
578,"San Diego 1904
Stumptown Athletic FC",2.5 1.67 2.08,2.75 3.60 2.15
579,"Kansas City (D)
OL Reign (D)",2.5 2.08 1.68,3.75 3.60 1.80
580,"Portland Thorns FC (D)
North Carolina Courage (D)",2.5 2.25 1.58,2.10 3.60 2.85
581,"Loudoun United FC
New York Red Bulls Reserves",3.5 1.79 1.93,2.80 3.80 2.05
582,"New Mexico United
Real Monarchs SLC",2.5 1.54 2.33,1.33 4.60 7.10
583,"Charleston Battery
Miami FC",2.5 1.60 2.20,3.30 3.45 1.90
584,"Pittsburgh Riverhounds
Hartford Athletic",2.5 1.52 2.38,1.50 3.95 4.80
585,"Memphis 901 FC
Indy Eleven",2.5 1.80 1.91,1.75 3.50 3.75
586,"Birmingham Legion FC
Louisville City",2.5 1.94 1.78,2.70 3.10 2.40
587,"Tulsa Roughnecks
Oklahoma City Energy FC",2.5 1.81 1.91,1.75 3.45 4.00
588,"San Antonio FC
Colorado Springs Switchbacks FC",2.5 1.61 2.18,1.88 3.50 3.45
589,"Austin Bold FC
Charlotte Independence",2.5 1.72 2.00,3.15 3.10 2.10
590,"Rio Grande Valley FC
EL Paso Locomotive FC",2.5 2.12 1.64,2.15 3.10 3.05
591,"Las Vegas Lights FC
Tampa Bay Rowdies",3.5 2.20 1.60,6.00 4.35 1.40
592,"Oakland Roots SC
Sporting Kansas City II",2.5 1.66 2.10,1.60 3.70 4.35
593,"Los Angeles Galaxy Reserves
Orange County Blues FC",2.5 1.56 2.28,2.05 3.45 3.00
594,"Phoenix Rising FC
Tacoma Defiance",3.5 2.30 1.55,1.25 5.25 8.50
595,"Sacramento Republic
San Diego Loyal SC",2.5 1.83 1.88,2.05 3.30 3.15
596,"Torpedo Belaz Zhodino
Slavia Mozyr",1.5 1.73 2.00,2.25 2.75 3.60
597,"FC Minsk
Shakhtyor Soligorsk",2.5 1.57 2.28,6.40 4.30 1.37
598,"FK Arsenal Dzerzhinsk
Naftan Novopolotsk",2.5 1.81 1.90,1.75 3.55 3.85
599,"Shakhtar-2 Petrikov
FC Belshina Bobruisk",2.5 1.62 2.18,3.95 3.60 1.73
600,"FK Krumkachy Minsk
Dnepr Mogilev",2.5 1.85 1.87,2.08 3.45 3.00
601,"Mamelodi Sundowns
Cape Town City FC",2.5 2.07 1.72,1.60 3.40 5.00
602,"Daegu
Jeju United",2.5 2.12 1.67,2.40 3.10 2.85
603,"Ulsan Hyundai FC
Suwon City",2.5 1.72 2.07,1.70 3.75 4.30
604,"Gwangju FC
Gangwon",2.5 2.10 1.68,2.65 3.00 2.65
605,"Busan Transportation Corporation
Daejeon Korail",2.5 2.28 1.57,2.20 3.00 3.10
606,"Ulsan Citizen
Hwaseong FC",2.5 2.28 1.57,2.20 3.00 3.10
607,"Gyeongju KHNP
Gangneung City",2.5 1.96 1.76,1.60 3.50 5.00
608,"Jeonnam Dragons
Ansan Greeners FC",2.5 2.55 1.49,1.60 3.40 5.50
609,"Anyang FC
Bucheon FC 1995",2.5 1.94 1.81,1.45 4.00 6.25
610,"Chungnam Asan
Seoul E-Land",2.5 2.30 1.58,2.75 3.00 2.50
611,"Sangju Sangmu Phoenix
Busan I Park",2.5 1.89 1.86,1.62 3.80 4.60
612,"Gyeongnam
Daejeon Citizen",2.5 2.06 1.72,2.15 3.15 3.20
613,"Varbergs BoIS
Östersunds FK",2.5 1.62 2.20,1.10 9.00 31.00
614,"IK Sirius FK
Malmö FF",1.5 1.47 2.50,5.10 3.25 1.79
615,"BK Häcken
Kalmar FF",2.5 1.83 1.98,1.88 3.70 4.00
616,"Västerås SK FK
Örgryte IS",2.5 1.53 2.38,1.24 5.10 11.50
617,"Akropolis IF
Trelleborgs FF",2.5 2.07 1.76,3.10 3.35 2.20
618,"Hudiksvalls Förenade FF
Örebro Syrianska IF",2.5 1.86 1.85,1.85 3.65 3.55
619,"Hammarby TFF
Umeå FC",3.5 2.25 1.57,3.00 3.60 2.05
620,"IFK Malmö FK
Vänersborgs IF",2.5 1.60 2.20,2.00 3.50 3.20
621,"Storfors AIK
Gottne IF",2.5 1.55 2.30,2.95 3.35 2.00
622,"Lidköpings FK
Vänersborgs FK",3.5 1.91 1.81,2.38 3.35 2.38
623,"IK Oddevold
BK Forward",3.5 2.17 1.62,1.90 3.40 3.15
624,"FC Gute
Enköpings SK",3.5 2.02 1.71,2.05 3.55 2.75
625,"IFK Lidingö FK
FC Stockholm Internazionale",3.5 1.88 1.83,5.00 4.10 1.40
626,"IFK Karlshamn
Asarums IF FK",2.5 1.55 2.32,3.10 3.30 1.95
627,"Varbergs GIF FK
Dalstorps IF",3.5 1.88 1.83,2.20 3.50 2.50
628,"St. Gallen
Young Boys",3.5 1.96 1.80,6.20 4.75 1.45
629,"FC Zürich
Basel",3.5 2.23 1.61,2.60 3.85 2.40
630,"FC Sion
Grasshopper",2.5 1.65 2.18,2.45 3.60 2.65
631,"Grasshopper II
FC Kosova Zurich",3.5 2.02 1.71,1.52 4.00 5.00
632,"Kriens
FC Stade Ouchy",2.5 1.67 2.12,3.40 3.30 2.00
633,"FC Schaffhausen
Wil 1900",2.5 1.58 2.28,1.50 4.20 5.20
634,"Yverdon-Sport
Thun",2.5 1.58 2.28,3.15 3.75 1.95
635,"Stade Nyonnais
FC Rapperswil-Jona",2.5 1.55 2.30,2.10 3.50 2.80
636,"Young Boys II
Black Stars",3.5 2.38 1.52,3.10 3.50 2.00
637,"Etoile Carouge FC
FC Zürich II",2.5 1.55 2.30,1.90 3.50 3.40
638,"Bellinzona
Bavois",2.5 1.58 2.23,1.80 3.60 3.70
